dataset,split,fp_combo,model,RMSE,MAE,R2,CV_train_R2_mean,CV_train_R2_std,CV_val_R2_mean,CV_val_R2_std
ws,rm,morgan,DNN,1.085517,0.849842,0.723434,0.588295,0.07612988290283916,0.588295,0.07612988290283916
ws,rm,maccs,DNN,0.883272,0.703692,0.816889,0.7492454000000001,0.0664792050873053,0.7492454000000001,0.0664792050873053
ws,rm,avalon,DNN,0.95489,0.739907,0.785991,0.7096814,0.06408625831361978,0.7096814,0.06408625831361978
ws,rm,morgan+maccs,DNN,0.904783,0.720869,0.807862,0.7480597999999999,0.06980267562321661,0.7480597999999999,0.06980267562321661
ws,rm,morgan+avalon,DNN,0.858343,0.679009,0.827079,0.7325003999999999,0.07682994750902802,0.7325003999999999,0.07682994750902802
ws,rm,maccs+avalon,DNN,0.815151,0.630305,0.844044,0.770102,0.0536195163163563,0.770102,0.0536195163163563
ws,rm,morgan+maccs+avalon,DNN,0.833248,0.641879,0.837043,0.7668541999999999,0.06699075441402344,0.7668541999999999,0.06699075441402344
ws,sc,morgan,DNN,1.464967,1.232467,0.204382,0.656187,0.04576323967115964,0.656187,0.04576323967115964
ws,sc,maccs,DNN,1.930804,1.673706,-0.382056,0.6880504,0.22028803833581162,0.6880504,0.22028803833581162
ws,sc,avalon,DNN,1.672739,1.250521,-0.037303,0.7724802000000001,0.039577978606290636,0.7724802000000001,0.039577978606290636
ws,sc,morgan+maccs,DNN,1.700237,1.457129,-0.071687,0.7909422,0.044664433238987826,0.7909422,0.044664433238987826
ws,sc,morgan+avalon,DNN,1.430619,1.128322,0.241252,0.7861806,0.048178079590618796,0.7861806,0.048178079590618796
ws,sc,maccs+avalon,DNN,1.525455,1.236181,0.137324,0.8219937999999999,0.045184829650669285,0.8219937999999999,0.045184829650669285
ws,sc,morgan+maccs+avalon,DNN,1.419029,1.139795,0.253496,0.8014564,0.03635631641737101,0.8014564,0.03635631641737101
ws,cs,morgan,DNN,1.428791,1.126318,0.488921,0.5505498,0.19556033485489843,0.5505498,0.19556033485489843
ws,cs,maccs,DNN,1.05938,0.842191,0.719034,0.5852440000000001,0.21473348501805675,0.5852440000000001,0.21473348501805675
ws,cs,avalon,DNN,1.200306,0.957861,0.63931,0.738714,0.07578779421252477,0.738714,0.07578779421252477
ws,cs,morgan+maccs,DNN,1.080623,0.870555,0.707653,0.7684246,0.07914095568187182,0.7684246,0.07914095568187182
ws,cs,morgan+avalon,DNN,1.264523,0.999031,0.599683,0.6968222,0.17559587020701825,0.6968222,0.17559587020701825
ws,cs,maccs+avalon,DNN,1.121153,0.878545,0.685312,0.8066022,0.06069217753681276,0.8066022,0.06069217753681276
ws,cs,morgan+maccs+avalon,DNN,1.098002,0.873984,0.698173,0.8087456,0.06761133786163381,0.8087456,0.06761133786163381
ws,cl,morgan,DNN,1.418869,1.164883,0.340614,0.6368039999999999,0.07411169278865516,0.6368039999999999,0.07411169278865516
ws,cl,maccs,DNN,0.949917,0.755497,0.704453,0.7423375999999999,0.07069004027612374,0.7423375999999999,0.07069004027612374
ws,cl,avalon,DNN,1.337405,1.105786,0.414158,0.7471634,0.03991784438368385,0.7471634,0.03991784438368385
ws,cl,morgan+maccs,DNN,1.150066,0.946475,0.566788,0.768858,0.05808628613709093,0.768858,0.05808628613709093
ws,cl,morgan+avalon,DNN,1.223483,0.998959,0.509712,0.7790476,0.030350547069863492,0.7790476,0.030350547069863492
ws,cl,maccs+avalon,DNN,1.175443,0.954729,0.547459,0.8032444,0.02892251603578084,0.8032444,0.02892251603578084
ws,cl,morgan+maccs+avalon,DNN,1.10427,0.901544,0.600602,0.8100265999999999,0.02544276623797028,0.8100265999999999,0.02544276623797028
ws,pc,morgan,DNN,1.177034,0.910666,0.703974,0.6243388000000001,0.02258132069122618,0.6243388000000001,0.02258132069122618
ws,pc,maccs,DNN,0.94695,0.734862,0.808395,0.7621039999999999,0.00981714125394963,0.7621039999999999,0.00981714125394963
ws,pc,avalon,DNN,1.028998,0.833974,0.773754,0.7287266000000001,0.04064303390053455,0.7287266000000001,0.04064303390053455
ws,pc,morgan+maccs,DNN,1.063314,0.823777,0.758412,0.7773044,0.027354785808702663,0.7773044,0.027354785808702663
ws,pc,morgan+avalon,DNN,0.885923,0.717675,0.832296,0.7570515999999999,0.025840916985277438,0.7570515999999999,0.025840916985277438
ws,pc,maccs+avalon,DNN,0.826009,0.66424,0.854212,0.7921416000000001,0.020346090932658295,0.7921416000000001,0.020346090932658295
ws,pc,morgan+maccs+avalon,DNN,0.89626,0.725873,0.828359,0.786295,0.028226079288487787,0.786295,0.028226079288487787
ws,ac,morgan,DNN,1.579146,1.267928,0.548117,0.5701106,0.22317184213121516,0.5701106,0.22317184213121516
ws,ac,maccs,DNN,1.471308,1.064602,0.607727,0.7963928,0.05853953895752852,0.7963928,0.05853953895752852
ws,ac,avalon,DNN,1.65225,1.218678,0.50531,0.7395048,0.04623692691085773,0.7395048,0.04623692691085773
ws,ac,morgan+maccs,DNN,1.344621,1.040137,0.672372,0.7843910000000001,0.043328308339929456,0.7843910000000001,0.043328308339929456
ws,ac,morgan+avalon,DNN,1.42264,1.087025,0.633249,0.779823,0.032055307441982206,0.779823,0.032055307441982206
ws,ac,maccs+avalon,DNN,1.457488,1.054154,0.615062,0.818511,0.04510385976388272,0.818511,0.04510385976388272
ws,ac,morgan+maccs+avalon,DNN,1.396215,1.044611,0.646747,0.8132756000000001,0.027883239543496377,0.8132756000000001,0.027883239543496377
ws,sa,morgan,DNN,1.180851,0.903193,0.724185,0.357261,0.2647786590418495,0.357261,0.2647786590418495
ws,sa,maccs,DNN,0.913525,0.708972,0.83493,0.7326835999999999,0.08051686706920481,0.7326835999999999,0.08051686706920481
ws,sa,avalon,DNN,1.058919,0.858088,0.778205,0.6701112,0.14714531525998373,0.6701112,0.14714531525998373
ws,sa,morgan+maccs,DNN,0.888854,0.694956,0.843726,0.6984642,0.10421046929248519,0.6984642,0.10421046929248519
ws,sa,morgan+avalon,DNN,0.925234,0.711752,0.830671,0.6927528,0.09100960779697935,0.6927528,0.09100960779697935
ws,sa,maccs+avalon,DNN,0.900338,0.719111,0.839661,0.7306642,0.11007988272413811,0.7306642,0.11007988272413811
ws,sa,morgan+maccs+avalon,DNN,0.819216,0.63713,0.867253,0.7245254,0.09653126311532445,0.7245254,0.09653126311532445
ws,ti,morgan,DNN,1.09499,0.799682,0.477202,0.6812006,0.044808030983742204,0.6812006,0.044808030983742204
ws,ti,maccs,DNN,1.010661,0.762927,0.554626,0.7929544,0.050867872649050315,0.7929544,0.050867872649050315
ws,ti,avalon,DNN,1.165648,0.872264,0.407555,0.7817432,0.062349306059971514,0.7817432,0.062349306059971514
ws,ti,morgan+maccs,DNN,0.978126,0.733153,0.58284,0.8103572,0.028533327730217523,0.8103572,0.028533327730217523
ws,ti,morgan+avalon,DNN,1.160631,0.851873,0.412644,0.8002402,0.03445442317264939,0.8002402,0.03445442317264939
ws,ti,maccs+avalon,DNN,1.055922,0.786079,0.513843,0.8317270000000001,0.030630600007182356,0.8317270000000001,0.030630600007182356
ws,ti,morgan+maccs+avalon,DNN,1.080929,0.785216,0.490543,0.8265038,0.022809059212514658,0.8265038,0.022809059212514658
ws,en,morgan,DNN,1.262068,0.955335,0.696082,0.5233932000000001,0.17324002833456245,0.5233932000000001,0.17324002833456245
ws,en,maccs,DNN,0.990518,0.7714,0.812796,0.6730358,0.13695624319672323,0.6730358,0.13695624319672323
ws,en,avalon,DNN,1.047891,0.842884,0.790481,0.6952768,0.05569382687300274,0.6952768,0.05569382687300274
ws,en,morgan+maccs,DNN,0.996549,0.795518,0.810509,0.7483725999999999,0.0587056639468459,0.7483725999999999,0.0587056639468459
ws,en,morgan+avalon,DNN,1.015842,0.8167,0.803102,0.738283,0.061908998273272044,0.738283,0.061908998273272044
ws,en,maccs+avalon,DNN,0.907757,0.695545,0.842772,0.7708118,0.05263168622949485,0.7708118,0.05263168622949485
ws,en,morgan+maccs+avalon,DNN,0.92956,0.765104,0.835129,0.7720878000000001,0.05599393150833401,0.7720878000000001,0.05599393150833401
de,rm,morgan,DNN,0.986183,0.760384,0.762036,0.7416233999999999,0.029201981149230262,0.7416233999999999,0.029201981149230262
de,rm,maccs,DNN,0.944685,0.700893,0.781641,0.7581192000000001,0.016972617304352323,0.7581192000000001,0.016972617304352323
de,rm,avalon,DNN,0.92784,0.68617,0.789359,0.8201972000000002,0.017528969968597694,0.8201972000000002,0.017528969968597694
de,rm,morgan+maccs,DNN,0.831391,0.616949,0.830875,0.8218110000000001,0.02318465946267057,0.8218110000000001,0.02318465946267057
de,rm,morgan+avalon,DNN,0.862808,0.644689,0.817852,0.8393528,0.0144771876329624,0.8393528,0.0144771876329624
de,rm,maccs+avalon,DNN,0.802984,0.597213,0.842235,0.8479986,0.01716524648934586,0.8479986,0.01716524648934586
de,rm,morgan+maccs+avalon,DNN,0.813886,0.609069,0.837922,0.8510626,0.02462641353181579,0.8510626,0.02462641353181579
de,sc,morgan,DNN,2.017848,1.773327,-0.226202,0.7505234000000001,0.03360123451660671,0.7505234000000001,0.03360123451660671
de,sc,maccs,DNN,1.740714,1.485025,0.087485,0.7782942,0.029908507039971083,0.7782942,0.029908507039971083
de,sc,avalon,DNN,1.887896,1.498614,-0.07335,0.8375923999999999,0.03446237920167441,0.8375923999999999,0.03446237920167441
de,sc,morgan+maccs,DNN,2.004782,1.777548,-0.210374,0.8440365999999999,0.02917996769429332,0.8440365999999999,0.02917996769429332
de,sc,morgan+avalon,DNN,1.95822,1.707388,-0.154803,0.8531888000000001,0.026965991584957504,0.8531888000000001,0.026965991584957504
de,sc,maccs+avalon,DNN,1.85629,1.593917,-0.037712,0.8679616000000001,0.03281989117958806,0.8679616000000001,0.03281989117958806
de,sc,morgan+maccs+avalon,DNN,1.674697,1.445916,0.155387,0.864113,0.029673304453666786,0.864113,0.029673304453666786
de,cs,morgan,DNN,1.225261,0.92369,0.67136,0.753088,0.047243253694046104,0.753088,0.047243253694046104
de,cs,maccs,DNN,1.074917,0.814581,0.747062,0.7835677999999999,0.033133452735264385,0.7835677999999999,0.033133452735264385
de,cs,avalon,DNN,1.069423,0.852571,0.749641,0.8252702,0.03756022433053349,0.8252702,0.03756022433053349
de,cs,morgan+maccs,DNN,1.002478,0.778125,0.780005,0.8198896,0.03431642724177445,0.8198896,0.03431642724177445
de,cs,morgan+avalon,DNN,1.047377,0.838925,0.759857,0.8384148,0.03495584972733462,0.8384148,0.03495584972733462
de,cs,maccs+avalon,DNN,0.973681,0.77263,0.792462,0.8563921999999999,0.03066611886365799,0.8563921999999999,0.03066611886365799
de,cs,morgan+maccs+avalon,DNN,0.968741,0.773277,0.794563,0.8519312000000001,0.03275752100144334,0.8519312000000001,0.03275752100144334
de,cl,morgan,DNN,1.277077,1.031131,0.482231,0.767428,0.031086031995093907,0.767428,0.031086031995093907
de,cl,maccs,DNN,1.197126,0.945092,0.545031,0.7842996,0.020465719167427274,0.7842996,0.020465719167427274
de,cl,avalon,DNN,1.19229,0.938117,0.5487,0.8391474000000001,0.039841985184475966,0.8391474000000001,0.039841985184475966
de,cl,morgan+maccs,DNN,1.040034,0.797851,0.656603,0.8351538,0.026522962876722494,0.8351538,0.026522962876722494
de,cl,morgan+avalon,DNN,1.155802,0.893032,0.575899,0.8515217999999999,0.03738705320508694,0.8515217999999999,0.03738705320508694
de,cl,maccs+avalon,DNN,1.090682,0.849546,0.622343,0.8697329999999999,0.026649436661963413,0.8697329999999999,0.026649436661963413
de,cl,morgan+maccs+avalon,DNN,1.086452,0.83804,0.625267,0.8617716,0.026919247245047552,0.8617716,0.026919247245047552
de,pc,morgan,DNN,1.061275,0.789902,0.755978,0.7233796,0.019374167436047404,0.7233796,0.019374167436047404
de,pc,maccs,DNN,0.907789,0.66566,0.821457,0.7782032,0.0086119915791877,0.7782032,0.0086119915791877
de,pc,avalon,DNN,0.862068,0.649685,0.838989,0.809918,0.016404332171716128,0.809918,0.016404332171716128
de,pc,morgan+maccs,DNN,0.87636,0.654739,0.833606,0.8179221999999999,0.012934255655429114,0.8179221999999999,0.012934255655429114
de,pc,morgan+avalon,DNN,0.830059,0.620658,0.850724,0.8283024000000001,0.01221586507129152,0.8283024000000001,0.01221586507129152
de,pc,maccs+avalon,DNN,0.790932,0.57412,0.864465,0.8533551999999999,0.013665037378653593,0.8533551999999999,0.013665037378653593
de,pc,morgan+maccs+avalon,DNN,0.804607,0.603652,0.859738,0.8469253999999999,0.0138106070047627,0.8469253999999999,0.0138106070047627
de,ac,morgan,DNN,1.613267,1.136723,0.522824,0.7592836000000001,0.031680680122749896,0.7592836000000001,0.031680680122749896
de,ac,maccs,DNN,1.464529,1.007653,0.606756,0.8046429999999999,0.041921155485029254,0.8046429999999999,0.041921155485029254
de,ac,avalon,DNN,1.45096,1.019649,0.614009,0.8221168000000001,0.014449968822111678,0.8221168000000001,0.014449968822111678
de,ac,morgan+maccs,DNN,1.384303,0.945452,0.648659,0.8414583999999999,0.02097274319301125,0.8414583999999999,0.02097274319301125
de,ac,morgan+avalon,DNN,1.410438,0.978637,0.635268,0.8519984,0.016819276781122328,0.8519984,0.016819276781122328
de,ac,maccs+avalon,DNN,1.342521,0.915669,0.669548,0.8639082,0.022169636743979385,0.8639082,0.022169636743979385
de,ac,morgan+maccs+avalon,DNN,1.349052,0.92518,0.666325,0.872056,0.022041455741397833,0.872056,0.022041455741397833
de,sa,morgan,DNN,1.071811,0.795539,0.752994,0.7226481999999999,0.05653419944918297,0.7226481999999999,0.05653419944918297
de,sa,maccs,DNN,1.014183,0.750429,0.778842,0.7735074000000001,0.006623803245870177,0.7735074000000001,0.006623803245870177
de,sa,avalon,DNN,0.916331,0.692023,0.819459,0.8028905999999999,0.02769284296420286,0.8028905999999999,0.02769284296420286
de,sa,morgan+maccs,DNN,0.873641,0.638543,0.83589,0.8131184000000001,0.02709034598966946,0.8131184000000001,0.02709034598966946
de,sa,morgan+avalon,DNN,0.888681,0.651763,0.83019,0.8264210000000001,0.02547222868930004,0.8264210000000001,0.02547222868930004
de,sa,maccs+avalon,DNN,0.835618,0.624646,0.849863,0.8420504,0.01612075386078455,0.8420504,0.01612075386078455
de,sa,morgan+maccs+avalon,DNN,0.8309,0.604757,0.851554,0.8412364,0.023237508838943995,0.8412364,0.023237508838943995
de,ti,morgan,DNN,0.993745,0.765305,0.758783,0.7347428,0.048714257881651006,0.7347428,0.048714257881651006
de,ti,maccs,DNN,0.864301,0.655162,0.817532,0.765647,0.057897072765382536,0.765647,0.057897072765382536
de,ti,avalon,DNN,0.870781,0.643231,0.814785,0.8017201999999999,0.027065911958772053,0.8017201999999999,0.027065911958772053
de,ti,morgan+maccs,DNN,0.801385,0.607998,0.84313,0.8201722,0.03238094108206243,0.8201722,0.03238094108206243
de,ti,morgan+avalon,DNN,0.8139,0.604354,0.838193,0.8270894,0.027917693863211548,0.8270894,0.027917693863211548
de,ti,maccs+avalon,DNN,0.763471,0.561413,0.857622,0.8484596,0.012233408888776685,0.8484596,0.012233408888776685
de,ti,morgan+maccs+avalon,DNN,0.745868,0.558492,0.864112,0.8427036000000001,0.022475402818192144,0.8427036000000001,0.022475402818192144
de,en,morgan,DNN,1.168026,0.858684,0.737145,0.7242331999999999,0.043375103155612216,0.7242331999999999,0.043375103155612216
de,en,maccs,DNN,1.023508,0.744964,0.798166,0.754255,0.021356908390495085,0.754255,0.021356908390495085
de,en,avalon,DNN,0.923645,0.665411,0.83563,0.8015015999999999,0.017605474621264834,0.8015015999999999,0.017605474621264834
de,en,morgan+maccs,DNN,0.965932,0.692704,0.820235,0.8139396,0.02970754614975797,0.8139396,0.02970754614975797
de,en,morgan+avalon,DNN,0.889782,0.657118,0.847462,0.8274868000000002,0.02639833788252586,0.8274868000000002,0.02639833788252586
de,en,maccs+avalon,DNN,0.874579,0.607348,0.85263,0.852707,0.015448546637143554,0.852707,0.015448546637143554
de,en,morgan+maccs+avalon,DNN,0.903283,0.652516,0.842798,0.8461460000000001,0.02171136859804098,0.8461460000000001,0.02171136859804098
lo,rm,morgan,DNN,0.99333,0.719656,0.598011,0.545403,0.07822367915407713,0.545403,0.07822367915407713
lo,rm,maccs,DNN,0.825085,0.618598,0.722653,0.6094826,0.0789962295798983,0.6094826,0.0789962295798983
lo,rm,avalon,DNN,0.926799,0.693827,0.650056,0.6242972,0.09751189316468019,0.6242972,0.09751189316468019
lo,rm,morgan+maccs,DNN,0.87771,0.640777,0.686145,0.6383304000000001,0.06320586796999152,0.6383304000000001,0.06320586796999152
lo,rm,morgan+avalon,DNN,0.885892,0.653315,0.680266,0.6493104,0.05113345419429438,0.6493104,0.05113345419429438
lo,rm,maccs+avalon,DNN,0.798379,0.589567,0.740316,0.6554292,0.06864248483381119,0.6554292,0.06864248483381119
lo,rm,morgan+maccs+avalon,DNN,0.844527,0.612425,0.709428,0.6581288,0.07728812477321467,0.6581288,0.07728812477321467
lo,sc,morgan,DNN,0.866061,0.683845,0.099944,0.5353548,0.04901479036127768,0.5353548,0.04901479036127768
lo,sc,maccs,DNN,1.585344,1.311918,-2.015921,0.5925064,0.022628920651237432,0.5925064,0.022628920651237432
lo,sc,avalon,DNN,0.903683,0.706963,0.020048,0.6058314000000001,0.029793927499408325,0.6058314000000001,0.029793927499408325
lo,sc,morgan+maccs,DNN,0.93636,0.76744,-0.052103,0.6188224,0.032361360271780916,0.6188224,0.032361360271780916
lo,sc,morgan+avalon,DNN,0.885535,0.694824,0.059011,0.6333204,0.015282575811688319,0.6333204,0.015282575811688319
lo,sc,maccs+avalon,DNN,0.914326,0.721201,-0.003171,0.6327309999999999,0.01782486446512288,0.6327309999999999,0.01782486446512288
lo,sc,morgan+maccs+avalon,DNN,1.005055,0.811337,-0.212138,0.6575648000000001,0.02555328560792136,0.6575648000000001,0.02555328560792136
lo,cs,morgan,DNN,1.425797,1.014371,0.386383,0.6222168,0.0464568718077315,0.6222168,0.0464568718077315
lo,cs,maccs,DNN,1.344422,0.98181,0.454426,0.701203,0.03486263389361167,0.701203,0.03486263389361167
lo,cs,avalon,DNN,1.378309,1.028724,0.426577,0.7009358,0.006204923380671179,0.7009358,0.006204923380671179
lo,cs,morgan+maccs,DNN,1.306179,0.93869,0.485023,0.6940652,0.04480674761863441,0.6940652,0.04480674761863441
lo,cs,morgan+avalon,DNN,1.329524,0.968073,0.466451,0.6953940000000001,0.018677360819987398,0.6953940000000001,0.018677360819987398
lo,cs,maccs+avalon,DNN,1.32714,0.958091,0.468362,0.7419996,0.020066756355724243,0.7419996,0.020066756355724243
lo,cs,morgan+maccs+avalon,DNN,1.306714,0.942008,0.484601,0.7237085999999999,0.02853715274234626,0.7237085999999999,0.02853715274234626
lo,cl,morgan,DNN,1.269782,0.940884,0.357292,0.5824170000000001,0.040447015692137295,0.5824170000000001,0.040447015692137295
lo,cl,maccs,DNN,1.102538,0.850903,0.515446,0.6332172,0.0629181904870126,0.6332172,0.0629181904870126
lo,cl,avalon,DNN,1.255404,0.967312,0.371764,0.6284242000000001,0.03331560067836091,0.6284242000000001,0.03331560067836091
lo,cl,morgan+maccs,DNN,1.103515,0.842049,0.514587,0.6449414,0.03565942039686006,0.6449414,0.03565942039686006
lo,cl,morgan+avalon,DNN,1.227588,0.93054,0.399296,0.6692616000000001,0.023805748873748964,0.6692616000000001,0.023805748873748964
lo,cl,maccs+avalon,DNN,1.20708,0.933807,0.419199,0.6738586,0.027522731046173456,0.6738586,0.027522731046173456
lo,cl,morgan+maccs+avalon,DNN,1.1376,0.858545,0.484137,0.6716122,0.03079355558814215,0.6716122,0.03079355558814215
lo,pc,morgan,DNN,0.998085,0.724701,0.634475,0.58279,0.07977361694946519,0.58279,0.07977361694946519
lo,pc,maccs,DNN,1.051039,0.729289,0.59466,0.674983,0.024449099648044315,0.674983,0.024449099648044315
lo,pc,avalon,DNN,0.989653,0.708508,0.640625,0.6205024,0.0729710244894506,0.6205024,0.0729710244894506
lo,pc,morgan+maccs,DNN,0.966106,0.67019,0.657523,0.6571697999999999,0.05575881980601815,0.6571697999999999,0.05575881980601815
lo,pc,morgan+avalon,DNN,0.960108,0.683113,0.661762,0.6444818,0.057237088970002674,0.6444818,0.057237088970002674
lo,pc,maccs+avalon,DNN,0.950742,0.667746,0.668329,0.6790286000000001,0.03511181408927772,0.6790286000000001,0.03511181408927772
lo,pc,morgan+maccs+avalon,DNN,0.950289,0.672494,0.668645,0.6796068,0.05060785939910913,0.6796068,0.05060785939910913
lo,ac,morgan,DNN,1.419108,1.071564,0.520441,0.6071166,0.07093095709096277,0.6071166,0.07093095709096277
lo,ac,maccs,DNN,1.353141,0.969835,0.563989,0.7015176000000001,0.034925054803679266,0.7015176000000001,0.034925054803679266
lo,ac,avalon,DNN,1.336196,0.995786,0.574841,0.6697504000000001,0.014450315132895887,0.6697504000000001,0.014450315132895887
lo,ac,morgan+maccs,DNN,1.352425,0.997832,0.564451,0.679521,0.04220516516731097,0.679521,0.04220516516731097
lo,ac,morgan+avalon,DNN,1.361587,1.012168,0.558529,0.6767128,0.030702909154671314,0.6767128,0.030702909154671314
lo,ac,maccs+avalon,DNN,1.316283,0.959911,0.587419,0.7068166,0.009642787742141768,0.7068166,0.009642787742141768
lo,ac,morgan+maccs+avalon,DNN,1.28339,0.941666,0.607781,0.7078132,0.013489828277631972,0.7078132,0.013489828277631972
lo,sa,morgan,DNN,1.088403,0.809603,0.535786,0.5901228000000001,0.026807250947458228,0.5901228000000001,0.026807250947458228
lo,sa,maccs,DNN,0.996037,0.745548,0.611233,0.6192844,0.06752675416336847,0.6192844,0.06752675416336847
lo,sa,avalon,DNN,1.061044,0.799358,0.55883,0.6169316,0.040213849826148215,0.6169316,0.040213849826148215
lo,sa,morgan+maccs,DNN,1.004898,0.734353,0.604285,0.6661269999999999,0.04537997535477513,0.6661269999999999,0.04537997535477513
lo,sa,morgan+avalon,DNN,1.024311,0.763299,0.588848,0.6432488,0.03716901205251495,0.6432488,0.03716901205251495
lo,sa,maccs+avalon,DNN,1.045576,0.765753,0.571599,0.6440108,0.061238921085858454,0.6440108,0.061238921085858454
lo,sa,morgan+maccs+avalon,DNN,0.984196,0.729756,0.620421,0.6703882,0.03388707783447842,0.6703882,0.03388707783447842
lo,ti,morgan,DNN,1.173683,0.918198,0.481018,0.5919508,0.03806271838636858,0.5919508,0.03806271838636858
lo,ti,maccs,DNN,0.90447,0.660185,0.691796,0.6171864,0.06375594921762202,0.6171864,0.06375594921762202
lo,ti,avalon,DNN,1.000488,0.781127,0.622885,0.5849506,0.03266510668955485,0.5849506,0.03266510668955485
lo,ti,morgan+maccs,DNN,1.005066,0.777723,0.619426,0.6548328,0.04417553926054556,0.6548328,0.04417553926054556
lo,ti,morgan+avalon,DNN,0.997671,0.766864,0.625005,0.6289498000000001,0.04814839945584898,0.6289498000000001,0.04814839945584898
lo,ti,maccs+avalon,DNN,0.985221,0.731965,0.634306,0.631297,0.04145612373100024,0.631297,0.04145612373100024
lo,ti,morgan+maccs+avalon,DNN,0.962311,0.73275,0.651116,0.6664934,0.04099183729768648,0.6664934,0.04099183729768648
lo,en,morgan,DNN,1.10631,0.810949,0.606971,0.558812,0.07060483294789387,0.558812,0.07060483294789387
lo,en,maccs,DNN,1.072437,0.773793,0.63067,0.6633403999999999,0.05477636975046813,0.6633403999999999,0.05477636975046813
lo,en,avalon,DNN,1.069981,0.772091,0.63236,0.5974276,0.021772500045699826,0.5974276,0.021772500045699826
lo,en,morgan+maccs,DNN,1.045758,0.72792,0.648817,0.6471612,0.05394728011457111,0.6471612,0.05394728011457111
lo,en,morgan+avalon,DNN,1.063862,0.772539,0.636553,0.6480264,0.012161413052766535,0.6480264,0.012161413052766535
lo,en,maccs+avalon,DNN,1.007931,0.72621,0.673763,0.6546128,0.01861670434206869,0.6546128,0.01861670434206869
lo,en,morgan+maccs+avalon,DNN,1.019172,0.719848,0.666446,0.6713044,0.03307713928742932,0.6713044,0.03307713928742932
hu,rm,morgan,DNN,0.944654,0.691581,0.785023,0.7587588000000001,0.027393145707640055,0.7587588000000001,0.027393145707640055
hu,rm,maccs,DNN,0.94081,0.690614,0.786769,0.7948858,0.012409794074036853,0.7948858,0.012409794074036853
hu,rm,avalon,DNN,0.834671,0.618812,0.832167,0.817178,0.02333310642842056,0.817178,0.02333310642842056
hu,rm,morgan+maccs,DNN,0.799796,0.574989,0.845899,0.8305826,0.02025426795122449,0.8305826,0.02025426795122449
hu,rm,morgan+avalon,DNN,0.808304,0.599517,0.842603,0.832152,0.021777882642718013,0.832152,0.021777882642718013
hu,rm,maccs+avalon,DNN,0.757294,0.559967,0.861842,0.8495056,0.019259816381263856,0.8495056,0.019259816381263856
hu,rm,morgan+maccs+avalon,DNN,0.769351,0.567561,0.857408,0.8555246000000001,0.01816280026427644,0.8555246000000001,0.01816280026427644
hu,sc,morgan,DNN,1.604483,1.392407,-0.051222,0.7621266,0.021078486118315014,0.7621266,0.021078486118315014
hu,sc,maccs,DNN,1.766672,1.570464,-0.27449,0.7645464000000001,0.03268764157659589,0.7645464000000001,0.03268764157659589
hu,sc,avalon,DNN,1.51703,1.185321,0.06025,0.8216903999999999,0.02288281677241683,0.8216903999999999,0.02288281677241683
hu,sc,morgan+maccs,DNN,1.762217,1.580528,-0.268069,0.8341367999999999,0.023808250052450304,0.8341367999999999,0.023808250052450304
hu,sc,morgan+avalon,DNN,1.367208,1.146678,0.236703,0.8358700000000001,0.021436312957222838,0.8358700000000001,0.021436312957222838
hu,sc,maccs+avalon,DNN,1.581841,1.36387,-0.021762,0.8374322000000001,0.01984072250095747,0.8374322000000001,0.01984072250095747
hu,sc,morgan+maccs+avalon,DNN,1.608622,1.425185,-0.056652,0.8488720000000001,0.018722343517839857,0.8488720000000001,0.018722343517839857
hu,cs,morgan,DNN,1.236118,0.909217,0.625922,0.7781703999999999,0.024878328863490836,0.7781703999999999,0.024878328863490836
hu,cs,maccs,DNN,1.071232,0.778953,0.719062,0.7949323999999999,0.014163449658893126,0.7949323999999999,0.014163449658893126
hu,cs,avalon,DNN,1.067783,0.795624,0.720869,0.8378636,0.026623248731888437,0.8378636,0.026623248731888437
hu,cs,morgan+maccs,DNN,1.028554,0.724033,0.741002,0.8423826,0.017754871203137464,0.8423826,0.017754871203137464
hu,cs,morgan+avalon,DNN,1.039683,0.755493,0.735367,0.8513748,0.018321599552440816,0.8513748,0.018321599552440816
hu,cs,maccs+avalon,DNN,1.001836,0.733384,0.754283,0.8667118,0.025178746215012374,0.8667118,0.025178746215012374
hu,cs,morgan+maccs+avalon,DNN,1.003127,0.725444,0.753649,0.8662506000000001,0.017229616021258273,0.8662506000000001,0.017229616021258273
hu,cl,morgan,DNN,1.575454,1.169765,0.155286,0.7946396000000001,0.03291228445793454,0.7946396000000001,0.03291228445793454
hu,cl,maccs,DNN,1.293445,1.019761,0.43063,0.8219744,0.018324397000720076,0.8219744,0.018324397000720076
hu,cl,avalon,DNN,1.396063,1.042949,0.336702,0.8233376,0.033839062922013656,0.8233376,0.033839062922013656
hu,cl,morgan+maccs,DNN,1.339114,1.026519,0.389714,0.854678,0.025794282288910494,0.854678,0.025794282288910494
hu,cl,morgan+avalon,DNN,1.426499,1.051828,0.307466,0.8486188,0.025818875795820376,0.8486188,0.025818875795820376
hu,cl,maccs+avalon,DNN,1.325821,1.004804,0.40177,0.8586828000000001,0.026851451784959412,0.8586828000000001,0.026851451784959412
hu,cl,morgan+maccs+avalon,DNN,1.392538,1.072023,0.340048,0.8598706,0.027812488551727983,0.8598706,0.027812488551727983
hu,pc,morgan,DNN,0.937208,0.718547,0.796238,0.7574712,0.037741024604003526,0.7574712,0.037741024604003526
hu,pc,maccs,DNN,0.956953,0.666744,0.787561,0.7828976,0.026234551839892373,0.7828976,0.026234551839892373
hu,pc,avalon,DNN,0.837137,0.615952,0.837428,0.8149748000000001,0.02104016801643943,0.8149748000000001,0.02104016801643943
hu,pc,morgan+maccs,DNN,0.786474,0.575381,0.85651,0.8285876,0.02505986077056294,0.8285876,0.02505986077056294
hu,pc,morgan+avalon,DNN,0.763491,0.562589,0.864774,0.8316866,0.032763102060702355,0.8316866,0.032763102060702355
hu,pc,maccs+avalon,DNN,0.755916,0.563905,0.867444,0.8491645999999999,0.02174070738131582,0.8491645999999999,0.02174070738131582
hu,pc,morgan+maccs+avalon,DNN,0.72278,0.520847,0.878811,0.8520163999999999,0.0241136684442662,0.8520163999999999,0.0241136684442662
hu,ac,morgan,DNN,1.439543,1.035573,0.582242,0.793013,0.05184326222760294,0.793013,0.05184326222760294
hu,ac,maccs,DNN,1.366762,0.953524,0.623416,0.823217,0.01848989647347978,0.823217,0.01848989647347978
hu,ac,avalon,DNN,1.374125,1.003182,0.619348,0.8531578,0.03583423275807647,0.8531578,0.03583423275807647
hu,ac,morgan+maccs,DNN,1.26198,0.881053,0.678944,0.8717518,0.03149919545258262,0.8717518,0.03149919545258262
hu,ac,morgan+avalon,DNN,1.251017,0.899131,0.684498,0.8759162,0.03117214792342676,0.8759162,0.03117214792342676
hu,ac,maccs+avalon,DNN,1.230177,0.863828,0.694922,0.889846,0.02437957249009915,0.889846,0.02437957249009915
hu,ac,morgan+maccs+avalon,DNN,1.223109,0.861481,0.698417,0.8910602000000001,0.02483078673260275,0.8910602000000001,0.02483078673260275
hu,sa,morgan,DNN,1.023406,0.768281,0.787332,0.7366524,0.05721774311033249,0.7366524,0.05721774311033249
hu,sa,maccs,DNN,0.986598,0.702536,0.802355,0.7609438,0.04781876863910238,0.7609438,0.04781876863910238
hu,sa,avalon,DNN,0.916024,0.708714,0.82962,0.7949404,0.04140517126446889,0.7949404,0.04140517126446889
hu,sa,morgan+maccs,DNN,0.879905,0.647999,0.842791,0.8064738,0.029115844115532686,0.8064738,0.029115844115532686
hu,sa,morgan+avalon,DNN,0.872318,0.653945,0.84549,0.8249230000000001,0.03560274948371264,0.8249230000000001,0.03560274948371264
hu,sa,maccs+avalon,DNN,0.842677,0.631464,0.855812,0.8348926000000001,0.038079796168572114,0.8348926000000001,0.038079796168572114
hu,sa,morgan+maccs+avalon,DNN,0.805144,0.607493,0.868371,0.8323693999999999,0.03671738469226805,0.8323693999999999,0.03671738469226805
hu,ti,morgan,DNN,0.968978,0.720432,0.77974,0.743884,0.047784849762241566,0.743884,0.047784849762241566
hu,ti,maccs,DNN,0.921067,0.683993,0.800983,0.7700444000000001,0.030943490854136033,0.7700444000000001,0.030943490854136033
hu,ti,avalon,DNN,0.790451,0.594597,0.853425,0.7906072,0.03372142397586436,0.7906072,0.03372142397586436
hu,ti,morgan+maccs,DNN,0.836446,0.608164,0.835871,0.8157956000000001,0.04197127290707298,0.8157956000000001,0.04197127290707298
hu,ti,morgan+avalon,DNN,0.739523,0.542563,0.871704,0.8208202,0.02862731203868083,0.8208202,0.02862731203868083
hu,ti,maccs+avalon,DNN,0.756411,0.542167,0.865778,0.8359133999999999,0.026366707133049415,0.8359133999999999,0.026366707133049415
hu,ti,morgan+maccs+avalon,DNN,0.754414,0.558688,0.866486,0.8396296,0.025291721053340734,0.8396296,0.025291721053340734
hu,en,morgan,DNN,0.961438,0.73287,0.796584,0.7626868,0.0282793544721233,0.7626868,0.0282793544721233
hu,en,maccs,DNN,1.012229,0.702852,0.774524,0.7834434,0.010010796823430182,0.7834434,0.010010796823430182
hu,en,avalon,DNN,0.881559,0.658659,0.828981,0.8208028,0.025167341181777637,0.8208028,0.025167341181777637
hu,en,morgan+maccs,DNN,0.837362,0.616706,0.845699,0.8318501999999999,0.020197604644115606,0.8318501999999999,0.020197604644115606
hu,en,morgan+avalon,DNN,0.785022,0.565623,0.864385,0.8419504,0.0267657745981692,0.8419504,0.0267657745981692
hu,en,maccs+avalon,DNN,0.832143,0.611686,0.847616,0.85244,0.022337445628361364,0.85244,0.022337445628361364
hu,en,morgan+maccs+avalon,DNN,0.781045,0.565639,0.865756,0.8526258,0.030797626774801988,0.8526258,0.030797626774801988
